"source_path","target_path","width","height","mode","transparency_from_source_inventory","sha256"
"01_core_components_controls/png/ui_components/panels/cozy_panel_detail__1000x300.png","png/ui_components/panels/cozy_panel_detail__1000x300.png","1000","300","RGBA","True","0480AA52C06C08347A154FD96DA6D86B24980E7F476DD3996CB85111DDD9205A"
"01_core_components_controls/png/ui_components/panels/cozy_panel_parchment_detail_plain__1155x1263.png","png/ui_components/panels/cozy_panel_parchment_detail_plain__1155x1263.png","1155","1263","RGBA","True","55716F6CB726ABE173E977F46610F954700A27446C6771F081EC4DCC338A8E61"
"01_core_components_controls/png/ui_components/bars/cozy_bar_frame_parchment__721x80.png","png/ui_components/bars/cozy_bar_frame_parchment__721x80.png","721","80","RGBA","True","1254DD9C09005DC0C3D46A0E1948F59691B6370B006DF5389AAC866E9214998B"
"01_core_components_controls/png/ui_components/bars/cozy_bar_fill_lime__702x61.png","png/ui_components/bars/cozy_bar_fill_lime__702x61.png","702","61","RGBA","True","F8CE68963709E17FAE211E7B03D3092795A98C82E1BE2B7FC8956382E8E7D35F"
"01_core_components_controls/png/ui_components/bars/cozy_bar_fill_cyan__702x61.png","png/ui_components/bars/cozy_bar_fill_cyan__702x61.png","702","61","RGBA","True","71D2ADAD9DF6391384B7BB74A2997638AF34C73694B6355FE90B4FDEF3B4237E"
"01_core_components_controls/png/ui_components/other_controls/cozy_badge_counter__59x59.png","png/ui_components/other_controls/cozy_badge_counter__59x59.png","59","59","RGBA","True","34758980C9F9676E56A1A490EE55181AB2B8DD43BCCA82E13B901214CF4744A4"
"01_core_components_controls/png/ui_components/other_controls/cozy_banner_notification__408x71.png","png/ui_components/other_controls/cozy_banner_notification__408x71.png","408","71","RGBA","True","157C8515BCAD63EAE66EAE9E31C1A9CF180B707CF7039F9D4D63E8A2E5001016"
"01_core_components_controls/png/ui_components/other_controls/cozy_arrow_left__143x112.png","png/ui_components/other_controls/cozy_arrow_left__143x112.png","143","112","RGBA","True","575DD148BB7FCF691D13AD6C0C8D9B248C54268899F8C7C73DA89941C92BB3F2"
"01_core_components_controls/png/ui_components/other_controls/cozy_arrow_right__143x112.png","png/ui_components/other_controls/cozy_arrow_right__143x112.png","143","112","RGBA","True","6D2F78833FE2B5229210453AAC3C78B2222ACF62D025F4D0C84AAA6711F45B3D"
"01_core_components_controls/png/ui_components/slots_frames/cozy_slot_item_round__134x133.png","png/ui_components/slots_frames/cozy_slot_item_round__134x133.png","134","133","RGBA","True","2E32CD9807982706956B2740583C9F93490D9E683C54A83D39D6FCE2CDE5C1F0"
"01_core_components_controls/png/ui_components/slots_frames/cozy_slot_item_round_dimmed__134x133.png","png/ui_components/slots_frames/cozy_slot_item_round_dimmed__134x133.png","134","133","RGBA","True","5B494396CA7C91C6ECF1F6DCF535B2E4720B5C171F6613CE2260E8AE04B551C6"
"01_core_components_controls/png/ui_components/slots_frames/cozy_slot_item_round_selected__152x151.png","png/ui_components/slots_frames/cozy_slot_item_round_selected__152x151.png","152","151","RGBA","True","045F05A982F4E3744652DD3778EC45746C7BB11FDAC20661DA3990DCE7AA8128"
"01_core_components_controls/png/icons/cozy_icon_seed_bag__87x84.png","png/icons/cozy_icon_seed_bag__87x84.png","87","84","RGBA","True","64D28BAA832966EFCC2E6DB4968A9C651A122FE44BCC34CD8892C1370AB2B233"
"01_core_components_controls/png/icons/cozy_icon_watering_can__87x77.png","png/icons/cozy_icon_watering_can__87x77.png","87","77","RGBA","True","3889FD827F685ADEC597A290C45C8D4F20F4991E6AA04F2830B2AD1D5D7B6304"
"01_core_components_controls/png/icons/cozy_icon_flower__98x119.png","png/icons/cozy_icon_flower__98x119.png","98","119","RGBA","True","96FE0C2FA3BE975BD99BF0F70FB80E50466846144313F37F8679C2F9FD512CDC"
"01_core_components_controls/png/icons/cozy_icon_apple__116x113.png","png/icons/cozy_icon_apple__116x113.png","116","113","RGBA","True","85993882D6C0A6630D47D80961454493BAEC3B4480E56906B43761372B38FCD1"
"01_core_components_controls/png/icons/cozy_icon_herb_bundle__97x107.png","png/icons/cozy_icon_herb_bundle__97x107.png","97","107","RGBA","True","DE1039324DF001E7B5EA9649673E6A3C0FDFE7DF0A0F8C55BB1D04FEE87DDE0C"
"01_core_components_controls/png/icons/cozy_icon_vegetables__104x77.png","png/icons/cozy_icon_vegetables__104x77.png","104","77","RGBA","True","9A07F520BC46E7A0EFF2542D9BDA3B8A31FA2C012F9368A89F299F596817168C"
"01_core_components_controls/png/icons/cozy_icon_logs__91x74.png","png/icons/cozy_icon_logs__91x74.png","91","74","RGBA","True","63146E9339CD8C5277DC76659D532214011012401036A66D5877832C8C73389C"
"01_core_components_controls/png/icons/cozy_icon_stone__75x62.png","png/icons/cozy_icon_stone__75x62.png","75","62","RGBA","True","825DE6728F9FA712B424BF12E1736E74E397C9FB945AF218C0C8FCFB94190EC2"
"01_core_components_controls/png/ui_components/buttons/cozy_button_primary_normal__353x76.png","png/ui_components/buttons/cozy_button_primary_normal__353x76.png","353","76","RGBA","True","8E8D4F06737E57872090D0ACD74E454AF4E52021D2033B54B4BDBCEF7F23ADDB"
"01_core_components_controls/png/ui_components/buttons/cozy_button_secondary_normal__356x77.png","png/ui_components/buttons/cozy_button_secondary_normal__356x77.png","356","77","RGBA","True","6942712F85AEB89AEE9104D006C610BC8ED50D07B6828D0FCD3C2518C50ED705"
"01_core_components_controls/png/ui_components/buttons/cozy_button_close_normal__100x99.png","png/ui_components/buttons/cozy_button_close_normal__100x99.png","100","99","RGBA","True","A28D46B83E2068BC79232CAC2FD550E00B98E8E772E87EAD0B785B03706734DB"
"01_core_components_controls/png/ui_components/buttons/cozy_button_primary_hover__353x76.png","png/ui_components/buttons/cozy_button_primary_hover__353x76.png","353","76","RGBA","True","4945A6B2B83A75E11D8A39B4E99C54BE22151350E61B8661E93A4E8C8345C736"
"01_core_components_controls/png/ui_components/buttons/cozy_button_secondary_hover__356x77.png","png/ui_components/buttons/cozy_button_secondary_hover__356x77.png","356","77","RGBA","True","E4E9CF45085B8D5CE856CFE770FAD4A97D5337DFB5B860AE258ACFD7883AED79"
"01_core_components_controls/png/ui_components/buttons/cozy_button_close_hover__100x99.png","png/ui_components/buttons/cozy_button_close_hover__100x99.png","100","99","RGBA","True","533742B72DE50FCA0868A6D4C861DE027C6EC464A06E82F272423E502BA98133"
"01_core_components_controls/png/ui_components/buttons/cozy_button_primary_pressed__353x76.png","png/ui_components/buttons/cozy_button_primary_pressed__353x76.png","353","76","RGBA","True","7B788AAB838D280B57FB443F57D59E03770476181CCC0003A78074231786661C"
"01_core_components_controls/png/ui_components/buttons/cozy_button_secondary_pressed__356x77.png","png/ui_components/buttons/cozy_button_secondary_pressed__356x77.png","356","77","RGBA","True","6B582FA35FA14D20E4CAF25E2D43559612F7293DB16FCC0531F4398D41F65B0B"
"01_core_components_controls/png/ui_components/buttons/cozy_button_close_pressed__100x99.png","png/ui_components/buttons/cozy_button_close_pressed__100x99.png","100","99","RGBA","True","8EE7D7B7B4F825E669C7DCB9106609730AEF8BFD95056A1E1EE64A4778B6863A"
"01_core_components_controls/png/ui_components/buttons/cozy_button_primary_disabled__353x76.png","png/ui_components/buttons/cozy_button_primary_disabled__353x76.png","353","76","RGBA","True","FB250988B0424E608FAA65D87678F27D2B30C02461DC0E850D6CD3CC78515A1B"
"01_core_components_controls/png/ui_components/buttons/cozy_button_secondary_disabled__356x77.png","png/ui_components/buttons/cozy_button_secondary_disabled__356x77.png","356","77","RGBA","True","1B2AB9A5D858B89F62CF06FCCB072316A71881CB4C84EE1DD74AB750530246BD"
"01_core_components_controls/png/ui_components/buttons/cozy_button_close_disabled__100x99.png","png/ui_components/buttons/cozy_button_close_disabled__100x99.png","100","99","RGBA","True","1060DBED99BEDF76A0BABCC7DF1010EBD8108231E9D64BEF021D87594F01AD53"
